[
  {
    "id": "cat-1",
    "name": "Sneakers",
    "slug": "sneakers",
    "icon": "👟"
  },
  {
    "id": "cat-2",
    "name": "Apparel",
    "slug": "apparel",
    "icon": "👕"
  },
  {
    "id": "cat-3",
    "name": "Accessories",
    "slug": "accessories",
    "icon": "👜"
  },
  {
    "id": "cat-4",
    "name": "Luxury",
    "slug": "luxury",
    "icon": "💎"
  },
  {
    "id": "cat-5",
    "name": "Electronics",
    "slug": "electronics",
    "icon": "📱"
  },
  {
    "id": "cat-6",
    "name": "Beauty",
    "slug": "beauty",
    "icon": "💄"
  }
]

